{
  "name": "custom.remote.python.spacex_davidlopes",
  "version": "1.004",
  "type": "python",
  "entity": "CUSTOM_DEVICE",
  "favicon": "https://cdn1.iconfinder.com/data/icons/transportation-85/65/rocket-512.png",
  "technologies": [
    "SpaceX"
  ],
  "metricGroup": "tech.SpaceX.DavidLopes",
  "source": {
    "package": "spacex_davidlopes",
    "className": "SpaceXExtension",
    "install_requires": [],
    "activation": "Remote"
  },
  "properties": [],
  "configUI": {
    "displayName": "SpaceX - David Lopes",
    "properties": []
  },
  "metrics": [
    {
      "entity": "CUSTOM_DEVICE",
      "timeseries": {
        "key": "combustivel",
        "unit": "Count",
        "displayname": "Combustivel"
      }
    },
    {
      "entity": "CUSTOM_DEVICE",
      "timeseries": {
        "key": "potencia",
        "unit": "Percent",
        "displayname": "Potencia",
        "dimensions": ["Motor"]
      }
    },
    {
      "entity": "CUSTOM_DEVICE",
      "statetimeseries": {
        "key": "clima",
        "displayname": "Clima",
        "states": ["Fair", "Cloudy", "Sunny", "Rainy", "Stormy", "Snowy", "Windy", "Hail"]
      }
    }
  ],
  "ui": {
    "keymetrics": [
      {"key":  "combustivel", "displayname": "Combustivel", "aggregation": "MAX"}
    ],
    "keycharts": [
      {
        "group": "Navio",
        "title": "Combustivel",
        "series": [
          { "key": "combustivel", "displayname": "Combustivel" }
        ]
      },
      {
        "group": "Navio",
        "title": "Potencia",
        "series": [
          { "key": "potencia", "displayname": "Potencia", "mergeaggregation": "AVG" }
        ]
      },
      {
        "group": "Clima",
        "title": "Clima",
        "series": [
          {
            "key": "clima",
            "displayname": "Potencia",
            "statechart": true,
            "statecolors": ["#ef651f", "#f5d30f", "#4fd5e0", "#4556d7", "#ffa86c", "#4556d7", "#ffa86c", "#4fd5e0"]
          }
        ]
      }
    ],
    "charts": [
      {
        "group": "Navio",
        "title": "Combustivel",
        "series": [
          { "key": "combustivel", "displayname": "Combustivel" }
        ]
      },
      {
        "group": "Navio",
        "title": "Potencia",
        "series": [
          { "key": "potencia", "displayname": "Potencia"}
        ]
      },
      {
        "group": "Clima",
        "title": "Clima",
        "series": [
          {
            "key": "clima",
            "displayname": "Potencia",
            "statechart": true,
            "statecolors": ["#ef651f", "#f5d30f", "#4fd5e0", "#4556d7", "#ffa86c", "#4556d7", "#ffa86c", "#4fd5e0"]
          }
        ]
      }
    ]
  }
}