{
  "name": "custom.remote.python.spacex_davidlopes",
  "version": "1.002",
  "type": "python",
  "entity": "CUSTOM_DEVICE",
  "favicon": "https://cdn1.iconfinder.com/data/icons/transportation-85/65/rocket-512.png",
  "technologies": [
    "SpaceX"
  ],
  "metricGroup": "tech.SpaceX.DavidLopes",
  "source": {
    "package": "spacex_davidlopes",
    "className": "SpaceXExtension",
    "install_requires": [],
    "activation": "Remote"
  },
  "properties": [],
  "configUI": {
    "displayName": "SpaceX - David Lopes",
    "properties": []
  },
  "metrics": [
    {
      "entity": "CUSTOM_DEVICE",
      "timeseries": {
        "key": "combustivel",
        "unit": "Count",
        "displayname": "Combustivel"
      }
    },
    {
      "entity": "CUSTOM_DEVICE",
      "timeseries": {
        "key": "potencia",
        "unit": "Percent",
        "displayname": "Potencia",
        "dimensions": ["Motor"]
      }
    }
  ],
  "ui": {
    "keycharts": [
      {
        "group": "Navio",
        "title": "Combustivel",
        "series": [
          { "key": "combustivel", "displayname": "Combustivel" }
        ]
      },
      {
        "group": "Navio",
        "title": "Potencia",
        "series": [
          { "key": "potencia", "displayname": "Potencia", "mergeaggregation": "AVG" }
        ]
      }
    ],
    "charts": [
      {
        "group": "Navio",
        "title": "Combustivel",
        "series": [
          { "key": "combustivel", "displayname": "Combustivel" }
        ]
      },
      {
        "group": "Navio",
        "title": "Potencia",
        "series": [
          { "key": "potencia", "displayname": "Potencia"}
        ]
      }
    ]
  }
}